{
    "loss": 2.057668685913086,
    "accuracy": 0.5862069129943848
}