{
    "loss": 0.6888569593429565,
    "accuracy": 0.8793103694915771
}